Content,Count,Percentage
Σ,2753,10.505628696813584%
(,2759,10.52852509063156%
⊙,5506,21.01125739362717%
▽,2753,10.505628696813584%
"""",2753,10.505628696813584%
a,2754,10.509444762449913%
是,94,0.3587101698149208%
个,3,0.011448196908986834%
男人,2,0.0076321312726578905%
都,20,0.0763213127265789%
得,3,0.011448196908986834%
上,5,0.019080328181644724%
。,82,0.31291738217897347%
灬,2,0.0076321312726578905%
º,2,0.0076321312726578905%
ω,1,0.0038160656363289453%
),5,0.019080328181644724%
♩,1,0.0038160656363289453%
没,19,0.07250524709024996%
人,16,0.061057050181263124%
？,152,0.5800419767219996%
只有,2,0.0076321312726578905%
我,150,0.5724098454493417%
感觉,5,0.019080328181644724%
狐狸,1,0.0038160656363289453%
手感,1,0.0038160656363289453%
范海辛,1,0.0038160656363289453%
好,39,0.14882655981682885%
吗,34,0.12974623163518412%
李白,2,0.0076321312726578905%
真,5,0.019080328181644724%
·,1,0.0038160656363289453%
超清,1,0.0038160656363289453%
一,2,0.0076321312726578905%
上来,1,0.0038160656363289453%
家暴,1,0.0038160656363289453%
啊,50,0.19080328181644723%
陈嘉怡,1,0.0038160656363289453%
我爱你,1,0.0038160656363289453%
666,10,0.03816065636328945%
名,2,0.0076321312726578905%
第一,89,0.3396298416332761%
顶,1,0.0038160656363289453%
一个,5,0.019080328181644724%
自己,4,0.015264262545315781%
发,11,0.0419767219996184%
,236,0.9005914901736309%
哼,2,0.0076321312726578905%
之前,1,0.0038160656363289453%
的,144,0.5495134516313681%
咋,1,0.0038160656363289453%
啦,239,0.9120396870826177%
test,1,0.0038160656363289453%
人家,1,0.0038160656363289453%
就让,1,0.0038160656363289453%
学好,1,0.0038160656363289453%
吧,26,0.09921770654455256%
觉得,5,0.019080328181644724%
好慢,1,0.0038160656363289453%
扎,3,0.011448196908986834%
厉害,4,0.015264262545315781%
了,180,0.6868918145392101%
秋水,1,0.0038160656363289453%
你好,2,0.0076321312726578905%
渣,1,0.0038160656363289453%
有,44,0.1679068879984736%
物理,1,0.0038160656363289453%
引擎,1,0.0038160656363289453%
什么,19,0.07250524709024996%
电影,3,0.011448196908986834%
成都,1,0.0038160656363289453%
bboy,1,0.0038160656363289453%
立冬,1,0.0038160656363289453%
，,281,1.0723144438084335%
秋裤,1,0.0038160656363289453%
正在,4,0.015264262545315781%
召唤,1,0.0038160656363289453%
你,49,0.1869872161801183%
为什么,5,0.019080328181644724%
有点,2,0.0076321312726578905%
发音,1,0.0038160656363289453%
不准,1,0.0038160656363289453%
😂,12,0.04579278763594734%
这是,9,0.03434459072696051%
邓伦,1,0.0038160656363289453%
呵呵,9,0.03434459072696051%
彬彬,1,0.0038160656363289453%
好帅,2,0.0076321312726578905%
！,159,0.6067544361763022%
人头,1,0.0038160656363289453%
最高,1,0.0038160656363289453%
画质,2,0.0076321312726578905%
美到,1,0.0038160656363289453%
爆,1,0.0038160656363289453%
•,4,0.015264262545315781%
̀,2,0.0076321312726578905%
∀,2,0.0076321312726578905%
́,2,0.0076321312726578905%
管,1,0.0038160656363289453%
我们,7,0.026712459454302614%
啥事,1,0.0038160656363289453%
1,14,0.05342491890860523%
没人,4,0.015264262545315781%
看,30,0.11448196908986834%
11,3,0.011448196908986834%
第几,38,0.1450104941804999%
集,7,0.026712459454302614%
心疼,4,0.015264262545315781%
男主,1,0.0038160656363289453%
看起来,1,0.0038160656363289453%
挺,1,0.0038160656363289453%
不错,2,0.0076321312726578905%
下面,2,0.0076321312726578905%
白字,1,0.0038160656363289453%
抱歉,1,0.0038160656363289453%
2018,3,0.011448196908986834%
2019,2,0.0076321312726578905%
",",33,0.12593016599885518%
13,1,0.0038160656363289453%
5980,1,0.0038160656363289453%
年,7,0.026712459454302614%
前来,4,0.015264262545315781%
考古,4,0.015264262545315781%
三千,1,0.0038160656363289453%
九,2,0.0076321312726578905%
播放,6,0.02289639381797367%
量,2,0.0076321312726578905%
表示,4,0.015264262545315781%
这个,17,0.06487311581759206%
也,20,0.0763213127265789%
通关,6,0.02289639381797367%
哈哈哈哈,18,0.06868918145392101%
简单,2,0.0076321312726578905%
不,75,0.28620492272467085%
存在,3,0.011448196908986834%
开坑,1,0.0038160656363289453%
玩过,3,0.011448196908986834%
通了关,1,0.0038160656363289453%
这,27,0.1030337721808815%
款,1,0.0038160656363289453%
游戏,2,0.0076321312726578905%
无敌,3,0.011448196908986834%
20180,1,0.0038160656363289453%
第二,7,0.026712459454302614%
呜呜,1,0.0038160656363289453%
哇哇,1,0.0038160656363289453%
w,1,0.0038160656363289453%
VIP,1,0.0038160656363289453%
哈哈哈,52,0.19843541308910512%
反义词,1,0.0038160656363289453%
剪刀,1,0.0038160656363289453%
石头,2,0.0076321312726578905%
布过,1,0.0038160656363289453%
成就,1,0.0038160656363289453%
（,3,0.011448196908986834%
会员,3,0.011448196908986834%
）,3,0.011448196908986834%
呃,9,0.03434459072696051%
2036,3,0.011448196908986834%
年别,1,0.0038160656363289453%
走,1,0.0038160656363289453%
现在,5,0.019080328181644724%
2017,3,0.011448196908986834%
10,3,0.011448196908986834%
月,7,0.026712459454302614%
yes,1,0.0038160656363289453%
红字,1,0.0038160656363289453%
说,7,0.026712459454302614%
尖刀,1,0.0038160656363289453%
说错,1,0.0038160656363289453%
后作,1,0.0038160656363289453%
序章,1,0.0038160656363289453%
把翔,1,0.0038160656363289453%
王,1,0.0038160656363289453%
血量,1,0.0038160656363289453%
移掉,1,0.0038160656363289453%
就行了,1,0.0038160656363289453%
我玩过,1,0.0038160656363289453%
好难,1,0.0038160656363289453%
才,10,0.03816065636328945%
0,3,0.011448196908986834%
后座,1,0.0038160656363289453%
前座,1,0.0038160656363289453%
奇怪,3,0.011448196908986834%
大冒险,4,0.015264262545315781%
前方,3,0.011448196908986834%
高能,3,0.011448196908986834%
老,3,0.011448196908986834%
司机,1,0.0038160656363289453%
正常,1,0.0038160656363289453%
前作,1,0.0038160656363289453%
笑,4,0.015264262545315781%
疯,2,0.0076321312726578905%
包子,3,0.011448196908986834%
居然,4,0.015264262545315781%
在,73,0.27857279145201297%
看片,2,0.0076321312726578905%
有人,10,0.03816065636328945%
哦,11,0.0419767219996184%
哟,2,0.0076321312726578905%
很,9,0.03434459072696051%
棒棒,1,0.0038160656363289453%
￼,1,0.0038160656363289453%
怎,1,0.0038160656363289453%
哈哈,8,0.030528525090631562%
FBI,1,0.0038160656363289453%
咦,2,0.0076321312726578905%
怎么,10,0.03816065636328945%
黄了,1,0.0038160656363289453%
破,3,0.011448196908986834%
9,1,0.0038160656363289453%
7,4,0.015264262545315781%
日,2,0.0076321312726578905%
零次,1,0.0038160656363289453%
又,13,0.04960885327227628%
开发者,1,0.0038160656363289453%
能,4,0.015264262545315781%
不能不要,1,0.0038160656363289453%
话题,1,0.0038160656363289453%
我全,1,0.0038160656363289453%
更,6,0.02289639381797367%
喜欢,6,0.02289639381797367%
克里,3,0.011448196908986834%
恩,3,0.011448196908986834%
配音,1,0.0038160656363289453%
哎呀,1,0.0038160656363289453%
这小,1,0.0038160656363289453%
眼神,1,0.0038160656363289453%
太,4,0.015264262545315781%
妖媚,1,0.0038160656363289453%
手势,1,0.0038160656363289453%
开眼,1,0.0038160656363289453%
撒,1,0.0038160656363289453%
实验,4,0.015264262545315781%
开始,8,0.030528525090631562%
患者,1,0.0038160656363289453%
生命,1,0.0038160656363289453%
由,1,0.0038160656363289453%
来,19,0.07250524709024996%
守护,1,0.0038160656363289453%
…,21,0.08013737836290784%
一命,1,0.0038160656363289453%
陪,1,0.0038160656363289453%
跑,2,0.0076321312726578905%
一趟,1,0.0038160656363289453%
接下来,2,0.0076321312726578905%
就是,10,0.03816065636328945%
舞台,2,0.0076321312726578905%
细数,2,0.0076321312726578905%
罪恶,2,0.0076321312726578905%
老子,3,0.011448196908986834%
登场,2,0.0076321312726578905%
欢迎,1,0.0038160656363289453%
回来,2,0.0076321312726578905%
好久没,1,0.0038160656363289453%
听到,1,0.0038160656363289453%
声音,3,0.011448196908986834%
p,3,0.011448196908986834%
 ,8,0.030528525090631562%
s,2,0.0076321312726578905%
l,3,0.011448196908986834%
灰太狼,1,0.0038160656363289453%
和,11,0.0419767219996184%
喜洋洋,1,0.0038160656363289453%
】,1,0.0038160656363289453%
666666,2,0.0076321312726578905%
植物,1,0.0038160656363289453%
大战,1,0.0038160656363289453%
僵尸,1,0.0038160656363289453%
第,10,0.03816065636328945%
2,2,0.0076321312726578905%
大肠,1,0.0038160656363289453%
这么,12,0.04579278763594734%
咬断,1,0.0038160656363289453%
几号,1,0.0038160656363289453%
右下角,2,0.0076321312726578905%
唉,3,0.011448196908986834%
回味,1,0.0038160656363289453%
张国荣,1,0.0038160656363289453%
老歌,1,0.0038160656363289453%
百听不厌,1,0.0038160656363289453%
好听,9,0.03434459072696051%
稀疏,1,0.0038160656363289453%
0000000000000000000000000000000000000000,1,0.0038160656363289453%
.,8,0.030528525090631562%
0.0,3,0.011448196908986834%
嗨,1,0.0038160656363289453%
差,1,0.0038160656363289453%
一点,3,0.011448196908986834%
楼主,1,0.0038160656363289453%
牛,1,0.0038160656363289453%
终于,4,0.015264262545315781%
发光,1,0.0038160656363289453%
黑曜石,1,0.0038160656363289453%
应该,3,0.011448196908986834%
方块,2,0.0076321312726578905%
或,3,0.011448196908986834%
错误,1,0.0038160656363289453%
最,7,0.026712459454302614%
爱看,1,0.0038160656363289453%
恐怖,1,0.0038160656363289453%
专辑,1,0.0038160656363289453%
hi,1,0.0038160656363289453%
新民,1,0.0038160656363289453%
poor,1,0.0038160656363289453%
敏敏,1,0.0038160656363289453%
迫于,1,0.0038160656363289453%
YY,1,0.0038160656363289453%
这种,2,0.0076321312726578905%
视频,3,0.011448196908986834%
对,2,0.0076321312726578905%
新手,1,0.0038160656363289453%
玩,3,0.011448196908986834%
世界,15,0.05724098454493417%
很大,1,0.0038160656363289453%
大有,1,0.0038160656363289453%
帮助,1,0.0038160656363289453%
2018.7,2,0.0076321312726578905%
15,3,0.011448196908986834%
徐克,1,0.0038160656363289453%
导演,1,0.0038160656363289453%
必属,1,0.0038160656363289453%
精品,1,0.0038160656363289453%
从,3,0.011448196908986834%
容易,2,0.0076321312726578905%
到,13,0.04960885327227628%
困难,1,0.0038160656363289453%
1000000000,1,0.0038160656363289453%
条,1,0.0038160656363289453%
评论,2,0.0076321312726578905%
233333333333333333,1,0.0038160656363289453%
听不见,1,0.0038160656363289453%
卡通,1,0.0038160656363289453%
嘟嘟,1,0.0038160656363289453%
饿,2,0.0076321312726578905%
就,21,0.08013737836290784%
偷偷,1,0.0038160656363289453%
扣,1,0.0038160656363289453%
苏菲亚,1,0.0038160656363289453%
食玩坑,1,0.0038160656363289453%
法国,1,0.0038160656363289453%
代购,1,0.0038160656363289453%
一遍,1,0.0038160656363289453%
鳄鱼,1,0.0038160656363289453%
臂,1,0.0038160656363289453%
字幕,3,0.011448196908986834%
无字幕,1,0.0038160656363289453%
立刻,1,0.0038160656363289453%
退,33,0.12593016599885518%
🌚,1,0.0038160656363289453%
搞笑,1,0.0038160656363289453%
不要,7,0.026712459454302614%
一代,1,0.0038160656363289453%
好玩,2,0.0076321312726578905%
观战,1,0.0038160656363289453%
操作,2,0.0076321312726578905%
胖,1,0.0038160656363289453%
有用吗,1,0.0038160656363289453%
恕,1,0.0038160656363289453%
下,38,0.1450104941804999%
直言,1,0.0038160656363289453%
那个,2,0.0076321312726578905%
秀,1,0.0038160656363289453%
舞,1,0.0038160656363289453%
跳,3,0.011448196908986834%
pia,3,0.011448196908986834%
中秋,3,0.011448196908986834%
快乐,4,0.015264262545315781%
加油,3,0.011448196908986834%
那么,4,0.015264262545315781%
炮爷,1,0.0038160656363289453%
祝福,2,0.0076321312726578905%
您,3,0.011448196908986834%
身体健康,2,0.0076321312726578905%
父母,1,0.0038160656363289453%
长寿,1,0.0038160656363289453%
........................................,1,0.0038160656363289453%
看到,9,0.03434459072696051%
钢筋,1,0.0038160656363289453%
侠,2,0.0076321312726578905%
钢铁,1,0.0038160656363289453%
😱,3,0.011448196908986834%
亿名,1,0.0038160656363289453%
小,4,0.015264262545315781%
原,1,0.0038160656363289453%
家,4,0.015264262545315781%
好大,1,0.0038160656363289453%
小源,1,0.0038160656363289453%
已经,5,0.019080328181644724%
收拾,3,0.011448196908986834%
第一名,2,0.0076321312726578905%
257,1,0.0038160656363289453%
谁,8,0.030528525090631562%
上集,2,0.0076321312726578905%
不会,1,0.0038160656363289453%
输,1,0.0038160656363289453%
66666666,1,0.0038160656363289453%
6666666666666666666666666666666666666666,1,0.0038160656363289453%
额,5,0.019080328181644724%
旁边,1,0.0038160656363289453%
废物,1,0.0038160656363289453%
前排,3,0.011448196908986834%
腮,1,0.0038160656363289453%
吃饺子,1,0.0038160656363289453%
他,11,0.0419767219996184%
男朋友,3,0.011448196908986834%
呢,14,0.05342491890860523%
饺子,1,0.0038160656363289453%
寓意,1,0.0038160656363289453%
不是,14,0.05342491890860523%
多子,1,0.0038160656363289453%
弟一,1,0.0038160656363289453%
奶罩,1,0.0038160656363289453%
黑色,2,0.0076321312726578905%
😍,13,0.04960885327227628%
漏,1,0.0038160656363289453%
万,2,0.0076321312726578905%
北方,2,0.0076321312726578905%
并,1,0.0038160656363289453%
不吃,1,0.0038160656363289453%
整,1,0.0038160656363289453%
双眼皮,1,0.0038160656363289453%
郭林然,1,0.0038160656363289453%
帅,34,0.12974623163518412%
宇宙,24,0.09158557527189468%
陈,12,0.04579278763594734%
小狗,8,0.030528525090631562%
快,4,0.015264262545315781%
去,15,0.05724098454493417%
前面,4,0.015264262545315781%
别,9,0.03434459072696051%
炫耀,1,0.0038160656363289453%
认识,3,0.011448196908986834%
主播,1,0.0038160656363289453%
第一次,1,0.0038160656363289453%
6666,1,0.0038160656363289453%
加一,1,0.0038160656363289453%
知道,5,0.019080328181644724%
子豪,8,0.030528525090631562%
算命,1,0.0038160656363289453%
一天,2,0.0076321312726578905%
之后,2,0.0076321312726578905%
会,4,0.015264262545315781%
失去,1,0.0038160656363289453%
老婆,3,0.011448196908986834%
你们,11,0.0419767219996184%
熟悉,1,0.0038160656363289453%
陈子,1,0.0038160656363289453%
豪,1,0.0038160656363289453%
不算,2,0.0076321312726578905%
不行,3,0.011448196908986834%
说好,3,0.011448196908986834%
翔,1,0.0038160656363289453%
够,1,0.0038160656363289453%
吃,7,0.026712459454302614%
一年,1,0.0038160656363289453%
81,1,0.0038160656363289453%
棒,2,0.0076321312726578905%
市长,1,0.0038160656363289453%
啊啊啊,14,0.05342491890860523%
豪嫂,3,0.011448196908986834%
开,1,0.0038160656363289453%
坑,3,0.011448196908986834%
2333,1,0.0038160656363289453%
单人,1,0.0038160656363289453%
生存,1,0.0038160656363289453%
挖坑,1,0.0038160656363289453%
?,4,0.015264262545315781%
天琪,1,0.0038160656363289453%
过,1,0.0038160656363289453%
小本,2,0.0076321312726578905%
经费,1,0.0038160656363289453%
燃烧,1,0.0038160656363289453%
xiang,1,0.0038160656363289453%
第四,5,0.019080328181644724%
多么,1,0.0038160656363289453%
寂寞,1,0.0038160656363289453%
叫,4,0.015264262545315781%
厕所,2,0.0076321312726578905%
幽灵,3,0.011448196908986834%
行动,3,0.011448196908986834%
😫,3,0.011448196908986834%
快点,1,0.0038160656363289453%
弹幕,20,0.0763213127265789%
所以,2,0.0076321312726578905%
啊哈,1,0.0038160656363289453%
辛苦,6,0.02289639381797367%
给,3,0.011448196908986834%
君点,1,0.0038160656363289453%
关注,1,0.0038160656363289453%
马上,1,0.0038160656363289453%
200,1,0.0038160656363289453%
模拟城市,2,0.0076321312726578905%
后面,2,0.0076321312726578905%
很卡,2,0.0076321312726578905%
陈嫂,1,0.0038160656363289453%
ID,1,0.0038160656363289453%
多少,3,0.011448196908986834%
假,2,0.0076321312726578905%
生活,2,0.0076321312726578905%
那,5,0.019080328181644724%
不看,1,0.0038160656363289453%
咯,4,0.015264262545315781%
嘿嘿,17,0.06487311581759206%
荒野,3,0.011448196908986834%
弃坑,2,0.0076321312726578905%
别以为,1,0.0038160656363289453%
先发,1,0.0038160656363289453%
优酷,3,0.011448196908986834%
字,1,0.0038160656363289453%
多,6,0.02289639381797367%
刷,6,0.02289639381797367%
越,1,0.0038160656363289453%
再见,1,0.0038160656363289453%
时候,5,0.019080328181644724%
马桶,1,0.0038160656363289453%
杀手,1,0.0038160656363289453%
再,2,0.0076321312726578905%
拍,2,0.0076321312726578905%
一期,2,0.0076321312726578905%
儿子,3,0.011448196908986834%
悠然,2,0.0076321312726578905%
小天,2,0.0076321312726578905%
素质,1,0.0038160656363289453%
城市,2,0.0076321312726578905%
经营,1,0.0038160656363289453%
诶,1,0.0038160656363289453%
嘿,1,0.0038160656363289453%
个头,1,0.0038160656363289453%
先把翔,1,0.0038160656363289453%
旧,1,0.0038160656363289453%
还,39,0.14882655981682885%
没填,1,0.0038160656363289453%
完,1,0.0038160656363289453%
开新坑,2,0.0076321312726578905%
第三,3,0.011448196908986834%
德玛,1,0.0038160656363289453%
西亚,1,0.0038160656363289453%
之翼,1,0.0038160656363289453%
刷起来,1,0.0038160656363289453%
地图,1,0.0038160656363289453%
高,4,0.015264262545315781%
配置,1,0.0038160656363289453%
电脑,1,0.0038160656363289453%
扛不住,1,0.0038160656363289453%
告诉,1,0.0038160656363289453%
老铁们,1,0.0038160656363289453%
欠,1,0.0038160656363289453%
坨翔,1,0.0038160656363289453%
姜东,1,0.0038160656363289453%
下午,1,0.0038160656363289453%
两点,1,0.0038160656363289453%
没有,12,0.04579278763594734%
北冥,1,0.0038160656363289453%
外设,1,0.0038160656363289453%
广告,2,0.0076321312726578905%
豪哥,1,0.0038160656363289453%
其实,1,0.0038160656363289453%
←,4,0.015264262545315781%
_,2,0.0076321312726578905%
丑,2,0.0076321312726578905%
倒数,5,0.019080328181644724%
播,1,0.0038160656363289453%
呀,3,0.011448196908986834%
丨,1,0.0038160656363289453%
全球,1,0.0038160656363289453%
第一条,1,0.0038160656363289453%
填完,1,0.0038160656363289453%
小心,2,0.0076321312726578905%
嫂子,1,0.0038160656363289453%
打,5,0.019080328181644724%
夕阳西下,1,0.0038160656363289453%
断肠人,1,0.0038160656363289453%
天涯,1,0.0038160656363289453%
12,1,0.0038160656363289453%
日来,1,0.0038160656363289453%
盗墓,1,0.0038160656363289453%
好少,1,0.0038160656363289453%
惊呆,1,0.0038160656363289453%
饥饿,1,0.0038160656363289453%
要,10,0.03816065636328945%
找,4,0.015264262545315781%
：,107,0.40831902308719714%
请,10,0.03816065636328945%
其它,1,0.0038160656363289453%
up,1,0.0038160656363289453%
主,1,0.0038160656363289453%
双人,1,0.0038160656363289453%
本,1,0.0038160656363289453%
早就,1,0.0038160656363289453%
一把,1,0.0038160656363289453%
以为,1,0.0038160656363289453%
真的,5,0.019080328181644724%
脱,1,0.0038160656363289453%
裤子,1,0.0038160656363289453%
性感,2,0.0076321312726578905%
屁屁,1,0.0038160656363289453%
插进去,1,0.0038160656363289453%
莱气,1,0.0038160656363289453%
病毒,1,0.0038160656363289453%
Rrrr,1,0.0038160656363289453%
111,2,0.0076321312726578905%
付出,2,0.0076321312726578905%
几个,1,0.0038160656363289453%
看过,2,0.0076321312726578905%
这集,1,0.0038160656363289453%
最后,3,0.011448196908986834%
宝藏,1,0.0038160656363289453%
找到,4,0.015264262545315781%
满满的,1,0.0038160656363289453%
回忆,1,0.0038160656363289453%
888,1,0.0038160656363289453%
等到,2,0.0076321312726578905%
拉拉,2,0.0076321312726578905%
紫,1,0.0038160656363289453%
z,1,0.0038160656363289453%
m,1,0.0038160656363289453%
la,2,0.0076321312726578905%
哈尔滨市,1,0.0038160656363289453%
事,1,0.0038160656363289453%
真人,1,0.0038160656363289453%
4,1,0.0038160656363289453%
高清,1,0.0038160656363289453%
跟,2,0.0076321312726578905%
省流,1,0.0038160656363289453%
一样,5,0.019080328181644724%
温馨,1,0.0038160656363289453%
有情,1,0.0038160656363289453%
好萌,1,0.0038160656363289453%
可爱,4,0.015264262545315781%
16839765830,1,0.0038160656363289453%
Good,1,0.0038160656363289453%
半截,1,0.0038160656363289453%
路,1,0.0038160656363289453%
真实性,1,0.0038160656363289453%
有待,1,0.0038160656363289453%
商榷,1,0.0038160656363289453%
白银,3,0.011448196908986834%
狗,1,0.0038160656363289453%
......,2,0.0076321312726578905%
尽管,1,0.0038160656363289453%
发过,1,0.0038160656363289453%
相,1,0.0038160656363289453%
😏,6,0.02289639381797367%
😚,1,0.0038160656363289453%
😒,1,0.0038160656363289453%
😨,9,0.03434459072696051%
把,7,0.026712459454302614%
修成,1,0.0038160656363289453%
大妈,1,0.0038160656363289453%
讨厌,1,0.0038160656363289453%
寸草不生,3,0.011448196908986834%
段友,43,0.16409082236214464%
爸爸,47,0.1793550849074604%
此,34,0.12974623163518412%
哆嗦,32,0.12211410036252625%
小儿,32,0.12211410036252625%
快快,32,0.12211410036252625%
南京,2,0.0076321312726578905%
中山,3,0.011448196908986834%
学校,1,0.0038160656363289453%
抖友,19,0.07250524709024996%
天王,5,0.019080328181644724%
盖地,5,0.019080328181644724%
虎,5,0.019080328181644724%
出征,5,0.019080328181644724%
清风,9,0.03434459072696051%
拂,8,0.030528525090631562%
杨柳,9,0.03434459072696051%
抖音,3,0.011448196908986834%
回家,2,0.0076321312726578905%
写,1,0.0038160656363289453%
作业,1,0.0038160656363289453%
内涵,2,0.0076321312726578905%
段子,2,0.0076321312726578905%
快手,1,0.0038160656363289453%
滚,1,0.0038160656363289453%
一边,1,0.0038160656363289453%
滴,10,0.03816065636328945%
滴滴,10,0.03816065636328945%
音乐,3,0.011448196908986834%
版权,3,0.011448196908986834%
让,6,0.02289639381797367%
她,1,0.0038160656363289453%
恢复,1,0.0038160656363289453%
的话,3,0.011448196908986834%
华晨,1,0.0038160656363289453%
宇,1,0.0038160656363289453%
绝对,3,0.011448196908986834%
受欢迎,1,0.0038160656363289453%
听,1,0.0038160656363289453%
女声,1,0.0038160656363289453%
唱,1,0.0038160656363289453%
首歌曲,1,0.0038160656363289453%
QQ,1,0.0038160656363289453%
网易,1,0.0038160656363289453%
虾米,1,0.0038160656363289453%
下载,4,0.015264262545315781%
完毕,1,0.0038160656363289453%
女主,1,0.0038160656363289453%
报道,1,0.0038160656363289453%
原唱,5,0.019080328181644724%
纯属,2,0.0076321312726578905%
鬼,1,0.0038160656363289453%
嚎,1,0.0038160656363289453%
先,1,0.0038160656363289453%
卧槽,2,0.0076321312726578905%
全是,1,0.0038160656363289453%
小鸡,1,0.0038160656363289453%
炖,1,0.0038160656363289453%
蘑菇,1,0.0038160656363289453%
爱,6,0.02289639381797367%
报,1,0.0038160656363289453%
lllllll,1,0.0038160656363289453%
所有,2,0.0076321312726578905%
播放器,1,0.0038160656363289453%
只能,2,0.0076321312726578905%
听歌,1,0.0038160656363289453%
V,1,0.0038160656363289453%
二周目,1,0.0038160656363289453%
被,5,0.019080328181644724%
迷住,1,0.0038160656363289453%
哥,2,0.0076321312726578905%
等,4,0.015264262545315781%
红灯,1,0.0038160656363289453%
而是,1,0.0038160656363289453%
哪里,3,0.011448196908986834%
哪能,1,0.0038160656363289453%
本地,1,0.0038160656363289453%
文件夹,1,0.0038160656363289453%
里,1,0.0038160656363289453%
重命名,1,0.0038160656363289453%
改,1,0.0038160656363289453%
一下,4,0.015264262545315781%
格式,1,0.0038160656363289453%
MP4,1,0.0038160656363289453%
改成,1,0.0038160656363289453%
MP3,1,0.0038160656363289453%
OK,1,0.0038160656363289453%
比,3,0.011448196908986834%
这才,3,0.011448196908986834%
D,1,0.0038160656363289453%
DD,1,0.0038160656363289453%
唱歌,1,0.0038160656363289453%
打卡,4,0.015264262545315781%
笨蛋,1,0.0038160656363289453%
上面,2,0.0076321312726578905%
有个,1,0.0038160656363289453%
嘛,1,0.0038160656363289453%
douyi,1,0.0038160656363289453%
搞不懂,2,0.0076321312726578905%
吵,1,0.0038160656363289453%
版本,1,0.0038160656363289453%
涉及,1,0.0038160656363289453%
侵权,1,0.0038160656363289453%
问题,2,0.0076321312726578905%
标明,1,0.0038160656363289453%
大家,1,0.0038160656363289453%
科普,1,0.0038160656363289453%
翻唱,1,0.0038160656363289453%
火,1,0.0038160656363289453%
买,3,0.011448196908986834%
收费,1,0.0038160656363289453%
头次,1,0.0038160656363289453%
听说,1,0.0038160656363289453%
吹,1,0.0038160656363289453%
敢,1,0.0038160656363289453%
问,2,0.0076321312726578905%
哪,3,0.011448196908986834%
太子,2,0.0076321312726578905%
唱出,1,0.0038160656363289453%
于,1,0.0038160656363289453%
文文,1,0.0038160656363289453%
那种,1,0.0038160656363289453%
感情,1,0.0038160656363289453%
调,1,0.0038160656363289453%
深大,1,0.0038160656363289453%
可以,4,0.015264262545315781%
橄榄,1,0.0038160656363289453%
罐头,1,0.0038160656363289453%
偷懒,1,0.0038160656363289453%
帥,1,0.0038160656363289453%
😁,1,0.0038160656363289453%
发错,2,0.0076321312726578905%
夏天,3,0.011448196908986834%
双,1,0.0038160656363289453%
叒,1,0.0038160656363289453%
叕,1,0.0038160656363289453%
水,1,0.0038160656363289453%
～,3,0.011448196908986834%
9999999999999999999999999999999999999999,1,0.0038160656363289453%
555555555555555555555555,1,0.0038160656363289453%
短,3,0.011448196908986834%
进度条,3,0.011448196908986834%
气死我了,1,0.0038160656363289453%
越来越,1,0.0038160656363289453%
好段,1,0.0038160656363289453%
qwq,1,0.0038160656363289453%
逗比,1,0.0038160656363289453%
伤人,1,0.0038160656363289453%
20,1,0.0038160656363289453%
分钟,1,0.0038160656363289453%
拉面,3,0.011448196908986834%
🍜,1,0.0038160656363289453%
兰州,1,0.0038160656363289453%
死,10,0.03816065636328945%
🔥,1,0.0038160656363289453%
力,1,0.0038160656363289453%
支持,1,0.0038160656363289453%
还是,3,0.011448196908986834%
修好,1,0.0038160656363289453%
...,1,0.0038160656363289453%
西瓜,1,0.0038160656363289453%
🍉,1,0.0038160656363289453%
招,1,0.0038160656363289453%
惹,1,0.0038160656363289453%
BGM,1,0.0038160656363289453%
好评,3,0.011448196908986834%
这样,3,0.011448196908986834%
涛哥,3,0.011448196908986834%
出现,3,0.011448196908986834%
想红,1,0.0038160656363289453%
回归,4,0.015264262545315781%
好久不见,1,0.0038160656363289453%
已,4,0.015264262545315781%
开起,1,0.0038160656363289453%
4G,1,0.0038160656363289453%
使用,1,0.0038160656363289453%
江浙沪,1,0.0038160656363289453%
发来,1,0.0038160656363289453%
贺电,1,0.0038160656363289453%
国语,6,0.02289639381797367%
比较,2,0.0076321312726578905%
好看,4,0.015264262545315781%
想,6,0.02289639381797367%
英語,1,0.0038160656363289453%
😢,1,0.0038160656363289453%
TIE,1,0.0038160656363289453%
耶,2,0.0076321312726578905%
国语版,1,0.0038160656363289453%
英文版,1,0.0038160656363289453%
点,5,0.019080328181644724%
笨,1,0.0038160656363289453%
当然,1,0.0038160656363289453%
大爱,1,0.0038160656363289453%
老皮,1,0.0038160656363289453%
换,2,0.0076321312726578905%
英文,1,0.0038160656363289453%
=,2,0.0076321312726578905%
call,1,0.0038160656363289453%
me,1,0.0038160656363289453%
lxt,1,0.0038160656363289453%
6h,1,0.0038160656363289453%
一定,1,0.0038160656363289453%
卡,1,0.0038160656363289453%
地方,2,0.0076321312726578905%
6666666666666,1,0.0038160656363289453%
老黑,1,0.0038160656363289453%
啥意思,1,0.0038160656363289453%
无,3,0.011448196908986834%
开场,1,0.0038160656363289453%
动画,1,0.0038160656363289453%
语,1,0.0038160656363289453%
吖,1,0.0038160656363289453%
朱棣,1,0.0038160656363289453%
君王,1,0.0038160656363289453%
充电,1,0.0038160656363289453%
哪集,1,0.0038160656363289453%
懒,3,0.011448196908986834%
+,6,0.02289639381797367%
帮,3,0.011448196908986834%
-,4,0.015264262545315781%
>,3,0.011448196908986834%
看主播,1,0.0038160656363289453%
受苦,1,0.0038160656363289453%
名字,2,0.0076321312726578905%
啥,2,0.0076321312726578905%
hhhhh,2,0.0076321312726578905%
好美,2,0.0076321312726578905%
肉肉,2,0.0076321312726578905%
!,7,0.026712459454302614%
普通话,1,0.0038160656363289453%
变,2,0.0076321312726578905%
标准,1,0.0038160656363289453%
嗲,4,0.015264262545315781%
银神党,5,0.019080328181644724%
解散,1,0.0038160656363289453%
ok,1,0.0038160656363289453%
兵长,8,0.030528525090631562%
新八,5,0.019080328181644724%
同意,7,0.026712459454302614%
婚姻,2,0.0076321312726578905%
银时,39,0.14882655981682885%
word,1,0.0038160656363289453%
妈,2,0.0076321312726578905%
竟然,1,0.0038160656363289453%
小大,3,0.011448196908986834%
冲田,25,0.09540164090822362%
过来,1,0.0038160656363289453%
谈谈,1,0.0038160656363289453%
多人,1,0.0038160656363289453%
熬夜,1,0.0038160656363289453%
萌版,1,0.0038160656363289453%
进击,7,0.026712459454302614%
巨人,14,0.05342491890860523%
剧情,2,0.0076321312726578905%
最强,1,0.0038160656363289453%
中学,2,0.0076321312726578905%
求兵长,1,0.0038160656363289453%
一只,1,0.0038160656363289453%
抢,2,0.0076321312726578905%
剑,2,0.0076321312726578905%
认人,1,0.0038160656363289453%
两脸,1,0.0038160656363289453%
懵,1,0.0038160656363289453%
逼,1,0.0038160656363289453%
桂,7,0.026712459454302614%
生日快乐,47,0.1793550849074604%
将军,12,0.04579278763594734%
银桑,34,0.12974623163518412%
银酱,6,0.02289639381797367%
🎂,63,0.24041213508872356%
🎁,11,0.0419767219996184%
🎊,11,0.0419767219996184%
🎈,10,0.03816065636328945%
🎉,9,0.03434459072696051%
定春,18,0.06868918145392101%
暗杀,1,0.0038160656363289453%
篇,2,0.0076321312726578905%
前,2,0.0076321312726578905%
233333,2,0.0076321312726578905%
神乐,16,0.061057050181263124%
受得住,1,0.0038160656363289453%
吊,1,0.0038160656363289453%
似李,1,0.0038160656363289453%
北斗神拳,8,0.030528525090631562%
总悟,12,0.04579278763594734%
www,2,0.0076321312726578905%
喂,2,0.0076321312726578905%
物种,1,0.0038160656363289453%
29,1,0.0038160656363289453%
三个,2,0.0076321312726578905%
二刷,1,0.0038160656363289453%
完成,1,0.0038160656363289453%
银神,6,0.02289639381797367%
标题,5,0.019080328181644724%
么,6,0.02289639381797367%
眼镜,5,0.019080328181644724%
233333333333333,1,0.0038160656363289453%
哈,1,0.0038160656363289453%
大,5,0.019080328181644724%
尺寸,1,0.0038160656363289453%
合适,1,0.0038160656363289453%
出场,2,0.0076321312726578905%
银桑生,1,0.0038160656363289453%
@,1,0.0038160656363289453%
表,2,0.0076321312726578905%
两集,1,0.0038160656363289453%
冲神党,4,0.015264262545315781%
睡,1,0.0038160656363289453%
着,3,0.011448196908986834%
表白,1,0.0038160656363289453%
画风,2,0.0076321312726578905%
好多,1,0.0038160656363289453%
以前,2,0.0076321312726578905%
些,1,0.0038160656363289453%
热天,1,0.0038160656363289453%
风格,1,0.0038160656363289453%
而,2,0.0076321312726578905%
白,1,0.0038160656363289453%
夜叉,1,0.0038160656363289453%
星海,1,0.0038160656363289453%
坊,1,0.0038160656363289453%
主怕,1,0.0038160656363289453%
埼,2,0.0076321312726578905%
玉,2,0.0076321312726578905%
一拳,2,0.0076321312726578905%
飞船,2,0.0076321312726578905%
下来,2,0.0076321312726578905%
更新,8,0.030528525090631562%
后,1,0.0038160656363289453%
细节,1,0.0038160656363289453%
静致,1,0.0038160656363289453%
几集,2,0.0076321312726578905%
冲神,4,0.015264262545315781%
比银神,1,0.0038160656363289453%
服气,1,0.0038160656363289453%
呼叫,2,0.0076321312726578905%
利,1,0.0038160656363289453%
威尔,1,0.0038160656363289453%
老公,3,0.011448196908986834%
银,3,0.011448196908986834%
永不,2,0.0076321312726578905%
完结,2,0.0076321312726578905%
一集,2,0.0076321312726578905%
少,1,0.0038160656363289453%
特地,1,0.0038160656363289453%
两个,1,0.0038160656363289453%
描粗,1,0.0038160656363289453%
神威,4,0.015264262545315781%
吊打,1,0.0038160656363289453%
十个,1,0.0038160656363289453%
来家,1,0.0038160656363289453%
里面,1,0.0038160656363289453%
气势,1,0.0038160656363289453%
不害羞,1,0.0038160656363289453%
女婿,1,0.0038160656363289453%
我喜,3,0.011448196908986834%
当爹,3,0.011448196908986834%
333,1,0.0038160656363289453%
这天,1,0.0038160656363289453%
人类,1,0.0038160656363289453%
想起,2,0.0076321312726578905%
一度,1,0.0038160656363289453%
支配,1,0.0038160656363289453%
恐惧,1,0.0038160656363289453%
改编,1,0.0038160656363289453%
高一,1,0.0038160656363289453%
课本,1,0.0038160656363289453%
一碗,3,0.011448196908986834%
清汤,2,0.0076321312726578905%
荞麦面,3,0.011448196908986834%
地板,1,0.0038160656363289453%
质量,1,0.0038160656363289453%
王岩,5,0.019080328181644724%
一步,6,0.02289639381797367%
胃,5,0.019080328181644724%
货从口,1,0.0038160656363289453%
出,25,0.09540164090822362%
站,2,0.0076321312726578905%
出来,3,0.011448196908986834%
保证,1,0.0038160656363289453%
大酱,4,0.015264262545315781%
有颗,1,0.0038160656363289453%
温婉,1,0.0038160656363289453%
妖精,1,0.0038160656363289453%
之心,1,0.0038160656363289453%
hata,1,0.0038160656363289453%
皇子,1,0.0038160656363289453%
欧多桑,1,0.0038160656363289453%
怒火,1,0.0038160656363289453%
睡得,1,0.0038160656363289453%
只要,1,0.0038160656363289453%
万事,1,0.0038160656363289453%
屋,1,0.0038160656363289453%
两,1,0.0038160656363289453%
两组,1,0.0038160656363289453%
cp,3,0.011448196908986834%
其他,1,0.0038160656363289453%
接受,1,0.0038160656363289453%
惊恐,2,0.0076321312726578905%
jpg,1,0.0038160656363289453%
銀時,1,0.0038160656363289453%
甜食,1,0.0038160656363289453%
看不懂,1,0.0038160656363289453%
男友,1,0.0038160656363289453%
讲,2,0.0076321312726578905%
闭嘴,1,0.0038160656363289453%
一个个,1,0.0038160656363289453%
别人,1,0.0038160656363289453%
脸,1,0.0038160656363289453%
黑,1,0.0038160656363289453%
眼睛,1,0.0038160656363289453%
画,1,0.0038160656363289453%
崩,1,0.0038160656363289453%
还有,2,0.0076321312726578905%
5,1,0.0038160656363289453%
秒,1,0.0038160656363289453%
到达,1,0.0038160656363289453%
战场,1,0.0038160656363289453%
忘记,2,0.0076321312726578905%
生日,3,0.011448196908986834%
真是,1,0.0038160656363289453%
zz,1,0.0038160656363289453%
系列,1,0.0038160656363289453%
绿,3,0.011448196908986834%
房子,1,0.0038160656363289453%
yayayayaya,1,0.0038160656363289453%
大旗,1,0.0038160656363289453%
我来,2,0.0076321312726578905%
扛,1,0.0038160656363289453%
永远,1,0.0038160656363289453%
坂田银时,2,0.0076321312726578905%
TM,2,0.0076321312726578905%
同一个,1,0.0038160656363289453%
起来,5,0.019080328181644724%
一篇,1,0.0038160656363289453%
叫做,1,0.0038160656363289453%
文章,1,0.0038160656363289453%
😓,3,0.011448196908986834%
彼氏,1,0.0038160656363289453%
广西,1,0.0038160656363289453%
路霸,2,0.0076321312726578905%
恶搞,1,0.0038160656363289453%
10.11,1,0.0038160656363289453%
希望,1,0.0038160656363289453%
寄托,1,0.0038160656363289453%
父女,3,0.011448196908986834%
然而,1,0.0038160656363289453%
无论怎样,1,0.0038160656363289453%
没半,1,0.0038160656363289453%
毛钱,1,0.0038160656363289453%
关系,2,0.0076321312726578905%
祝,1,0.0038160656363289453%
汪,4,0.015264262545315781%
认同,1,0.0038160656363289453%
这桩,1,0.0038160656363289453%
婚事,1,0.0038160656363289453%
演过,1,0.0038160656363289453%
尾片,1,0.0038160656363289453%
曲,1,0.0038160656363289453%
一群,1,0.0038160656363289453%
婚纱,1,0.0038160656363289453%
妹子,1,0.0038160656363289453%
靠,1,0.0038160656363289453%
贼,1,0.0038160656363289453%
新八君,1,0.0038160656363289453%
作为,1,0.0038160656363289453%
大人,2,0.0076321312726578905%
保持,1,0.0038160656363289453%
镇定,1,0.0038160656363289453%
手动,1,0.0038160656363289453%
艾特,1,0.0038160656363289453%
两位,2,0.0076321312726578905%
危机感,2,0.0076321312726578905%
太丑,2,0.0076321312726578905%
急需,2,0.0076321312726578905%
杀个,2,0.0076321312726578905%
冷静,2,0.0076321312726578905%
登势,1,0.0038160656363289453%
巴巴,1,0.0038160656363289453%
快来,2,0.0076321312726578905%
涨,2,0.0076321312726578905%
房租,1,0.0038160656363289453%
自重,1,0.0038160656363289453%
~,10,0.03816065636328945%
攘下,1,0.0038160656363289453%
夷,1,0.0038160656363289453%
傻,1,0.0038160656363289453%
兔族,1,0.0038160656363289453%
地球,1,0.0038160656363289453%
毛,1,0.0038160656363289453%
日常,1,0.0038160656363289453%
神,1,0.0038160656363289453%
夜兔,1,0.0038160656363289453%
一家,1,0.0038160656363289453%
joy4,1,0.0038160656363289453%
戏份,1,0.0038160656363289453%
角色,1,0.0038160656363289453%
粉丝,1,0.0038160656363289453%
莫刷,1,0.0038160656363289453%
感,1,0.0038160656363289453%
公主,1,0.0038160656363289453%
殿下,1,0.0038160656363289453%
拉回来,1,0.0038160656363289453%
妹妹,1,0.0038160656363289453%
拦不住,1,0.0038160656363289453%
不站,1,0.0038160656363289453%
任何,1,0.0038160656363289453%
但,1,0.0038160656363289453%
实话,1,0.0038160656363289453%
化,1,0.0038160656363289453%
阿拉蕾,1,0.0038160656363289453%
四十米,1,0.0038160656363289453%
大刀,1,0.0038160656363289453%
按,1,0.0038160656363289453%
耐不住,1,0.0038160656363289453%
一发,2,0.0076321312726578905%
入魂,1,0.0038160656363289453%
体格,1,0.0038160656363289453%
才能,2,0.0076321312726578905%
签到,2,0.0076321312726578905%
gg,2,0.0076321312726578905%
与,1,0.0038160656363289453%
卒,1,0.0038160656363289453%
磨刀,1,0.0038160656363289453%
新,3,0.011448196908986834%
吧唧,2,0.0076321312726578905%
\,1,0.0038160656363289453%
喵,6,0.02289639381797367%
以后,1,0.0038160656363289453%
自知之明,1,0.0038160656363289453%
结局,2,0.0076321312726578905%
不如,1,0.0038160656363289453%
八嘎,1,0.0038160656363289453%
王子,2,0.0076321312726578905%
杀人,1,0.0038160656363289453%
健次郎,1,0.0038160656363289453%
想到,1,0.0038160656363289453%
大野,1,0.0038160656363289453%
智,1,0.0038160656363289453%
王岩别,7,0.026712459454302614%
神乐交,1,0.0038160656363289453%
土方,3,0.011448196908986834%
🎋,1,0.0038160656363289453%
许愿,1,0.0038160656363289453%
上元节,1,0.0038160656363289453%
腰带,1,0.0038160656363289453%
看银神党,1,0.0038160656363289453%
打脸,2,0.0076321312726578905%
哇,2,0.0076321312726578905%
弄死,2,0.0076321312726578905%
房主,1,0.0038160656363289453%
官方,1,0.0038160656363289453%
发糖,1,0.0038160656363289453%
只是,2,0.0076321312726578905%
yy,1,0.0038160656363289453%
官配,1,0.0038160656363289453%
东西,2,0.0076321312726578905%
66666666666666666666666666666666666,1,0.0038160656363289453%
、,1,0.0038160656363289453%
记得,1,0.0038160656363289453%
17,1,0.0038160656363289453%
米,1,0.0038160656363289453%
微笑,1,0.0038160656363289453%
媳妇儿,1,0.0038160656363289453%
328,1,0.0038160656363289453%
集时,1,0.0038160656363289453%
死心,1,0.0038160656363289453%
23333,1,0.0038160656363289453%
开车,1,0.0038160656363289453%
神特,1,0.0038160656363289453%
明明,1,0.0038160656363289453%
货,1,0.0038160656363289453%
口出,1,0.0038160656363289453%
变色,1,0.0038160656363289453%
兄长,1,0.0038160656363289453%
肚脐眼,1,0.0038160656363289453%
看来,3,0.011448196908986834%
试过,1,0.0038160656363289453%
居合,1,0.0038160656363289453%
斩,1,0.0038160656363289453%
看看,3,0.011448196908986834%
是不是,1,0.0038160656363289453%
联系,2,0.0076321312726578905%
准备,2,0.0076321312726578905%
收,2,0.0076321312726578905%
有意思,1,0.0038160656363289453%
别刷,1,0.0038160656363289453%
十几岁,1,0.0038160656363289453%
硬配,1,0.0038160656363289453%
大叔,1,0.0038160656363289453%
控,1,0.0038160656363289453%
家伙,1,0.0038160656363289453%
要是,1,0.0038160656363289453%
结了婚,1,0.0038160656363289453%
x,1,0.0038160656363289453%
打死,1,0.0038160656363289453%
大放得,1,0.0038160656363289453%
进去,1,0.0038160656363289453%
他们,2,0.0076321312726578905%
灭族,1,0.0038160656363289453%
wtf,1,0.0038160656363289453%
赶时间,1,0.0038160656363289453%
猩猩,1,0.0038160656363289453%
退化,1,0.0038160656363289453%
《,2,0.0076321312726578905%
火影,1,0.0038160656363289453%
》,1,0.0038160656363289453%
编辑,1,0.0038160656363289453%
往后,1,0.0038160656363289453%
再出,1,0.0038160656363289453%
新闻联播,1,0.0038160656363289453%
阿鲁,1,0.0038160656363289453%
夜狼,1,0.0038160656363289453%
疾走,1,0.0038160656363289453%
这俩,1,0.0038160656363289453%
惹不起,1,0.0038160656363289453%
湖北,1,0.0038160656363289453%
举手,2,0.0076321312726578905%
突然,1,0.0038160656363289453%
污了,1,0.0038160656363289453%
即便,1,0.0038160656363289453%
貌似,1,0.0038160656363289453%
撕,1,0.0038160656363289453%
300,1,0.0038160656363289453%
不做声,1,0.0038160656363289453%
墨镜,1,0.0038160656363289453%
阿银,1,0.0038160656363289453%
诞辰,1,0.0038160656363289453%
女人,1,0.0038160656363289453%
成功,1,0.0038160656363289453%
引起,1,0.0038160656363289453%
注意,1,0.0038160656363289453%
23333333,2,0.0076321312726578905%
卡酷,1,0.0038160656363289453%
生命诚可贵,1,0.0038160656363289453%
节操,2,0.0076321312726578905%
价更高,1,0.0038160656363289453%
若为,1,0.0038160656363289453%
两者,1,0.0038160656363289453%
皆,1,0.0038160656363289453%
可,1,0.0038160656363289453%
抛,1,0.0038160656363289453%
不吐槽,1,0.0038160656363289453%
合,1,0.0038160656363289453%
味道,1,0.0038160656363289453%
浑身,1,0.0038160656363289453%
难受,1,0.0038160656363289453%
papa,1,0.0038160656363289453%
无比,1,0.0038160656363289453%
宽阔,1,0.0038160656363289453%
肩膀,1,0.0038160656363289453%
艾玛,1,0.0038160656363289453%
满分,1,0.0038160656363289453%
不仅,1,0.0038160656363289453%
银土,1,0.0038160656363289453%
自个,1,0.0038160656363289453%
建个,1,0.0038160656363289453%
发疯,1,0.0038160656363289453%
别来,1,0.0038160656363289453%
招人,1,0.0038160656363289453%
嫌,1,0.0038160656363289453%
找错,1,0.0038160656363289453%
胖子,1,0.0038160656363289453%
夜兔星,1,0.0038160656363289453%
主人,1,0.0038160656363289453%
来来来,2,0.0076321312726578905%
:,2,0.0076321312726578905%
嘞,3,0.011448196908986834%
开心,3,0.011448196908986834%
😊,2,0.0076321312726578905%
标配,1,0.0038160656363289453%
OP,1,0.0038160656363289453%
假发,1,0.0038160656363289453%
银神赛,2,0.0076321312726578905%
高银神赛,7,0.026712459454302614%
响,1,0.0038160656363289453%
花嫁,1,0.0038160656363289453%
天,1,0.0038160656363289453%
澄夜,1,0.0038160656363289453%
心机,1,0.0038160656363289453%
阿,4,0.015264262545315781%
绿色,1,0.0038160656363289453%
楼,1,0.0038160656363289453%
不塌,1,0.0038160656363289453%
好像,1,0.0038160656363289453%
329,1,0.0038160656363289453%
持续,1,0.0038160656363289453%
该,2,0.0076321312726578905%
上线,1,0.0038160656363289453%
我小猿,1,0.0038160656363289453%
美如画,1,0.0038160656363289453%
迟来,1,0.0038160656363289453%
没关系,1,0.0038160656363289453%
撑,1,0.0038160656363289453%
一撑,1,0.0038160656363289453%
生快,2,0.0076321312726578905%
这能,1,0.0038160656363289453%
受得了,1,0.0038160656363289453%
3,1,0.0038160656363289453%
我愿用,1,0.0038160656363289453%
一声,1,0.0038160656363289453%
换银魂,1,0.0038160656363289453%
哭,2,0.0076321312726578905%
晕,1,0.0038160656363289453%
蛮,1,0.0038160656363289453%
我兵,1,0.0038160656363289453%
长要,1,0.0038160656363289453%
赛会,2,0.0076321312726578905%
这一波,1,0.0038160656363289453%
到头,1,0.0038160656363289453%
体位,1,0.0038160656363289453%
不想,1,0.0038160656363289453%
纠结,1,0.0038160656363289453%
米级,1,0.0038160656363289453%
⋯,1,0.0038160656363289453%
无聊,1,0.0038160656363289453%
一顿,1,0.0038160656363289453%
ed,1,0.0038160656363289453%
亏了,1,0.0038160656363289453%
一个亿,1,0.0038160656363289453%
233333333,1,0.0038160656363289453%
........,1,0.0038160656363289453%
带,1,0.0038160656363289453%
主见,1,0.0038160656363289453%
看吧,1,0.0038160656363289453%
搜大,1,0.0038160656363289453%
拿,1,0.0038160656363289453%
好烦,1,0.0038160656363289453%
如此,1,0.0038160656363289453%
淡定,1,0.0038160656363289453%
从容,1,0.0038160656363289453%
谢谢,1,0.0038160656363289453%
简直,1,0.0038160656363289453%
健哥,1,0.0038160656363289453%
这里,6,0.02289639381797367%
¥,10,0.03816065636328945%
坏掉,1,0.0038160656363289453%
恶心,1,0.0038160656363289453%
ED,1,0.0038160656363289453%
有感,1,0.0038160656363289453%
小将,2,0.0076321312726578905%
....,1,0.0038160656363289453%
把生,1,0.0038160656363289453%
打成,1,0.0038160656363289453%
声,1,0.0038160656363289453%
梅丽号,1,0.0038160656363289453%
搞进去,1,0.0038160656363289453%
啥时候,1,0.0038160656363289453%
阿姨,1,0.0038160656363289453%
洗,1,0.0038160656363289453%
铁路,1,0.0038160656363289453%
没落,1,0.0038160656363289453%
王者,1,0.0038160656363289453%
风范,1,0.0038160656363289453%
路过,2,0.0076321312726578905%
瑞端,1,0.0038160656363289453%
2120,1,0.0038160656363289453%
进来,1,0.0038160656363289453%
27000,1,0.0038160656363289453%
小熙,1,0.0038160656363289453%
往往,1,0.0038160656363289453%
年前,1,0.0038160656363289453%
來,1,0.0038160656363289453%
倒数第,1,0.0038160656363289453%
bug,1,0.0038160656363289453%
沙发,1,0.0038160656363289453%
591,1,0.0038160656363289453%
大门,1,0.0038160656363289453%
为,2,0.0076321312726578905%
关上,1,0.0038160656363289453%
葬,1,0.0038160656363289453%
家族,1,0.0038160656363289453%
重现,1,0.0038160656363289453%
江湖,1,0.0038160656363289453%
证据,1,0.0038160656363289453%
真弹,1,0.0038160656363289453%
韩,1,0.0038160656363289453%
童生,1,0.0038160656363289453%
失踪人口,2,0.0076321312726578905%
头奶,1,0.0038160656363289453%
可能,1,0.0038160656363289453%
瘦,1,0.0038160656363289453%
14,1,0.0038160656363289453%
集播,1,0.0038160656363289453%
不了,2,0.0076321312726578905%
b,1,0.0038160656363289453%
解放,1,0.0038160656363289453%
🍞,12,0.04579278763594734%
城,1,0.0038160656363289453%
影子,4,0.015264262545315781%
莹莹,2,0.0076321312726578905%
哒,1,0.0038160656363289453%
来碗,2,0.0076321312726578905%
麻蛇,6,0.02289639381797367%
羹,4,0.015264262545315781%
苏宁,3,0.011448196908986834%
易购,1,0.0038160656363289453%
插,1,0.0038160656363289453%
手,1,0.0038160656363289453%
好好,1,0.0038160656363289453%
动漫,2,0.0076321312726578905%
弄,1,0.0038160656363289453%
变味,1,0.0038160656363289453%
三,2,0.0076321312726578905%
👻,15,0.05724098454493417%
张自忠,17,0.06487311581759206%
向,1,0.0038160656363289453%
川军,3,0.011448196908986834%
致敬,1,0.0038160656363289453%
出川来,1,0.0038160656363289453%
男儿,23,0.08776950963556573%
立志,23,0.08776950963556573%
夔,23,0.08776950963556573%
关,24,0.09158557527189468%
灭,23,0.08776950963556573%
倭奴,23,0.08776950963556573%
誓,23,0.08776950963556573%
埋骨,23,0.08776950963556573%
何须,23,0.08776950963556573%
桑梓,23,0.08776950963556573%
地,23,0.08776950963556573%
人生,23,0.08776950963556573%
处处,23,0.08776950963556573%
青山,23,0.08776950963556573%
张灵甫,11,0.0419767219996184%
🐍,1,0.0038160656363289453%
总,1,0.0038160656363289453%
等等,1,0.0038160656363289453%
乌拉,1,0.0038160656363289453%
猥琐,1,0.0038160656363289453%
发育,1,0.0038160656363289453%
种花,2,0.0076321312726578905%
忠诚,1,0.0038160656363289453%
兔子,3,0.011448196908986834%
🐰,1,0.0038160656363289453%
华南,1,0.0038160656363289453%
师范大学,1,0.0038160656363289453%
6,3,0.011448196908986834%
9.47,1,0.0038160656363289453%
分看,1,0.0038160656363289453%
ㅇ,2,0.0076321312726578905%
ㅁ,1,0.0038160656363289453%
殉国,1,0.0038160656363289453%
说游,1,0.0038160656363289453%
不击,1,0.0038160656363289453%
敌占区,1,0.0038160656363289453%
日伪,1,0.0038160656363289453%
顽都,1,0.0038160656363289453%
掉,1,0.0038160656363289453%
粪坑,1,0.0038160656363289453%
呛,1,0.0038160656363289453%
日本,1,0.0038160656363289453%
人枪,1,0.0038160656363289453%
绝不,1,0.0038160656363289453%
手里,1,0.0038160656363289453%
不够,1,0.0038160656363289453%
资格,1,0.0038160656363289453%
出狱,2,0.0076321312726578905%
泰罗,1,0.0038160656363289453%
烧鸡,1,0.0038160656363289453%
叶挺,2,0.0076321312726578905%
🇯,1,0.0038160656363289453%
🇵,1,0.0038160656363289453%
😵,1,0.0038160656363289453%
💀,8,0.030528525090631562%
💩,1,0.0038160656363289453%
求,1,0.0038160656363289453%
推广,1,0.0038160656363289453%
六七,1,0.0038160656363289453%
大爷,1,0.0038160656363289453%
不能,2,0.0076321312726578905%
说点,1,0.0038160656363289453%
北方方言,2,0.0076321312726578905%
战争,3,0.011448196908986834%
从来不,3,0.011448196908986834%
热血,3,0.011448196908986834%
敌方,4,0.015264262545315781%
野区,4,0.015264262545315781%
浪,4,0.015264262545315781%
祝榆生,1,0.0038160656363289453%
祝老,1,0.0038160656363289453%
大军,2,0.0076321312726578905%
南方,2,0.0076321312726578905%
口音,1,0.0038160656363289453%
李宗仁,1,0.0038160656363289453%
贝爷,1,0.0038160656363289453%
信不信,2,0.0076321312726578905%
我生,1,0.0038160656363289453%
张灵普,1,0.0038160656363289453%
大将军,1,0.0038160656363289453%
威武,1,0.0038160656363289453%
难,1,0.0038160656363289453%
算,2,0.0076321312726578905%
老几,2,0.0076321312726578905%
中正,1,0.0038160656363289453%
3467,3,0.011448196908986834%
川,1,0.0038160656363289453%
军团,1,0.0038160656363289453%
极大,1,0.0038160656363289453%
牺牲,2,0.0076321312726578905%
抗日,2,0.0076321312726578905%
勇士,1,0.0038160656363289453%
好样,1,0.0038160656363289453%
每次,1,0.0038160656363289453%
说前,1,0.0038160656363289453%
来个,1,0.0038160656363289453%
激动,2,0.0076321312726578905%
软来,1,0.0038160656363289453%
瑞安,2,0.0076321312726578905%
话,2,0.0076321312726578905%
麻哥,1,0.0038160656363289453%
我炖,1,0.0038160656363289453%
百团大战,1,0.0038160656363289453%
原形,1,0.0038160656363289453%
我特,1,0.0038160656363289453%
集请,2,0.0076321312726578905%
往,2,0.0076321312726578905%
翻,2,0.0076321312726578905%
阿阿阿,1,0.0038160656363289453%
已到,1,0.0038160656363289453%
关头,1,0.0038160656363289453%
因为,1,0.0038160656363289453%
丢失,1,0.0038160656363289453%
北平,1,0.0038160656363289453%
受到,1,0.0038160656363289453%
追责到,1,0.0038160656363289453%
戴罪,1,0.0038160656363289453%
徐州,1,0.0038160656363289453%
会战,1,0.0038160656363289453%
其,1,0.0038160656363289453%
复出,1,0.0038160656363289453%
统领,1,0.0038160656363289453%
旧部,1,0.0038160656363289453%
五十九,1,0.0038160656363289453%
军,1,0.0038160656363289453%
立功,1,0.0038160656363289453%
哪去,1,0.0038160656363289453%
川人,1,0.0038160656363289453%
出川,2,0.0076321312726578905%
台儿庄,1,0.0038160656363289453%
98k,1,0.0038160656363289453%
末,1,0.0038160656363289453%
将,3,0.011448196908986834%
愿,1,0.0038160656363289453%
鞠躬,1,0.0038160656363289453%
精粹,1,0.0038160656363289453%
死而后已,1,0.0038160656363289453%
汤,1,0.0038160656363289453%
喝,1,0.0038160656363289453%
嗯,1,0.0038160656363289453%
非常,1,0.0038160656363289453%
美味,1,0.0038160656363289453%
红星,1,0.0038160656363289453%
必须,2,0.0076321312726578905%
临沂,1,0.0038160656363289453%
大捷,1,0.0038160656363289453%
刚刚,1,0.0038160656363289453%
正经,1,0.0038160656363289453%
方言,1,0.0038160656363289453%
张灵,1,0.0038160656363289453%
莆,1,0.0038160656363289453%
壮哉,1,0.0038160656363289453%
走远点,1,0.0038160656363289453%
SHA,1,0.0038160656363289453%
PIJGJKKFJKL,1,0.0038160656363289453%
HGLK,1,0.0038160656363289453%
KGJ,1,0.0038160656363289453%
JIBS,1,0.0038160656363289453%
yt2eywteuwter,1,0.0038160656363289453%
t3r,1,0.0038160656363289453%
娜,2,0.0076321312726578905%
陕西省,1,0.0038160656363289453%
镇安县,2,0.0076321312726578905%
呐,1,0.0038160656363289453%
大师,1,0.0038160656363289453%
坐标,1,0.0038160656363289453%
安卓党,1,0.0038160656363289453%
低调,1,0.0038160656363289453%
02,1,0.0038160656363289453%
27,1,0.0038160656363289453%
背景音乐,1,0.0038160656363289453%
方向,3,0.011448196908986834%
迷失,2,0.0076321312726578905%
气移,1,0.0038160656363289453%
刀,1,0.0038160656363289453%
不停,1,0.0038160656363289453%
奔跑,1,0.0038160656363289453%
救,1,0.0038160656363289453%
要紧,1,0.0038160656363289453%
黑暗,1,0.0038160656363289453%
主角,1,0.0038160656363289453%
即将,1,0.0038160656363289453%
苏醒,1,0.0038160656363289453%
陷入,1,0.0038160656363289453%
危机,1,0.0038160656363289453%
没用,1,0.0038160656363289453%
不到,1,0.0038160656363289453%
我该,1,0.0038160656363289453%
怎么办,1,0.0038160656363289453%
重塑,1,0.0038160656363289453%
驾到,1,0.0038160656363289453%
自然,1,0.0038160656363289453%
连贯,1,0.0038160656363289453%
表情,1,0.0038160656363289453%
到位,1,0.0038160656363289453%
也许,1,0.0038160656363289453%
最好,1,0.0038160656363289453%
好丑,2,0.0076321312726578905%
赛罗,1,0.0038160656363289453%
霸气,1,0.0038160656363289453%
乔,1,0.0038160656363289453%
乔依,3,0.011448196908986834%
๑,2,0.0076321312726578905%
´,1,0.0038160656363289453%
ㅂ,1,0.0038160656363289453%
`,1,0.0038160656363289453%
是从,1,0.0038160656363289453%
美拍,1,0.0038160656363289453%
追过来,2,0.0076321312726578905%
从美,1,0.0038160656363289453%
好酷,1,0.0038160656363289453%
selina,1,0.0038160656363289453%
经验,1,0.0038160656363289453%
233333333333,1,0.0038160656363289453%
666666666,1,0.0038160656363289453%
120,1,0.0038160656363289453%
斤,1,0.0038160656363289453%
小黑,1,0.0038160656363289453%
汪苏,2,0.0076321312726578905%
泷,2,0.0076321312726578905%
婆婆,1,0.0038160656363289453%
操,1,0.0038160656363289453%
完整,1,0.0038160656363289453%
HYDE,1,0.0038160656363289453%
相妄,1,0.0038160656363289453%
噩梦,1,0.0038160656363289453%
三秒,1,0.0038160656363289453%
66666,1,0.0038160656363289453%
宪哥,1,0.0038160656363289453%
节目,1,0.0038160656363289453%
amazon,1,0.0038160656363289453%
谦谦,1,0.0038160656363289453%
昨天,1,0.0038160656363289453%
电影院,1,0.0038160656363289453%
举起,1,0.0038160656363289453%
双手,1,0.0038160656363289453%
跟上,1,0.0038160656363289453%
节奏,1,0.0038160656363289453%
🤘,1,0.0038160656363289453%
🏻,1,0.0038160656363289453%
感谢,2,0.0076321312726578905%
博主,1,0.0038160656363289453%
包邮,1,0.0038160656363289453%
ｰ,2,0.0076321312726578905%
;,1,0.0038160656363289453%
没准,1,0.0038160656363289453%
送个,1,0.0038160656363289453%
干儿子,1,0.0038160656363289453%
蜘蛛侠,1,0.0038160656363289453%
看着,1,0.0038160656363289453%
顶涛,1,0.0038160656363289453%
这款,1,0.0038160656363289453%
哄,1,0.0038160656363289453%
我要,1,0.0038160656363289453%
便宜,1,0.0038160656363289453%
最帅,1,0.0038160656363289453%
军种,1,0.0038160656363289453%
保定,1,0.0038160656363289453%
